WKT;id
"POINT (411444.326515067 5655797.73566123)";
