WKT;id
"POINT (411439.326515067 5655797.73566123)";
